dendrite_type,layer,stimulus_to_peak_t,threshold_v,peak_v,trough_v,upstroke,upstroke_v,downstroke,downstroke_v,fast_trough_v,width,upstroke_downstroke_ratio,file_name
spiny,L3,0.00356,-51.000003814697266,41.500003814697266,-71.15625762939453,370.76141348847204,-2.593750238418579,-122.41094976226064,-9.406250953674316,-57.5,0.0007800000000000029,3.0288255602014615,525011903_11
spiny,L4,0.003,-46.96875,33.156253814697266,-73.00000762939453,377.35072661546803,-4.875,-117.77026937386724,-11.625,-51.781253814697266,0.0006800000000000139,3.2041255286387305,537256313_14
aspiny,L4,0.00332,-48.312503814697266,28.75,-75.65625,524.6075441512124,-17.4375,-338.1746161478517,-3.0,-62.656253814697266,0.00031999999999987594,1.5512919039489685,596020931_14
aspiny,L5,0.00342,-43.15625,38.656253814697266,-68.81250762939453,382.49462786122655,-0.5625000596046448,-171.91536989753735,-16.15625,-59.156253814697266,0.0005800000000000249,2.224900706022945,576095991_12
spiny,L3,0.0036,-50.781253814697266,50.09375,-74.59375,361.74985048744156,8.343750953674316,-100.6309789565798,-17.21875,-53.75,0.0009200000000000319,3.594815972559794,545608578_31
spiny,L2,0.00308,-73.43750762939453,-29.875,-72.625,71.54435091246344,-71.1875,-61.24766938630784,-34.0625,-58.031253814697266,0.0018599999999999728,1.1681154830759564,528706755_30
spiny,L3,0.00368,-48.90625,47.906253814697266,-74.59375,323.5577112290968,7.906250476837158,-94.26332395075924,-15.500000953674316,-53.218753814697266,0.0009200000000000319,3.432487818890358,530055374_34
aspiny,L3,0.00304,-46.34375,27.15625,-77.03125762939453,537.181973781264,-14.531250953674316,-376.1855653573428,-1.8125001192092896,-64.09375,0.00029999999999996696,1.4279707230951004,531520637_14
spiny,L3,0.00356,-44.03125,36.343753814697266,-69.78125,322.1203710742911,-3.437500238418579,-115.74709631828397,-12.78125,-55.812503814697266,0.0007600000000000939,2.7829671872589983,530097064_23
spiny,L3,0.00333,-49.718753814697266,41.9375,-72.15625,373.8759238595395,3.218750238418579,-104.05888177010537,-19.34375,-55.968753814697266,0.0008349999999999191,3.5929265959779775,488418919_22
spiny,L2,0.00362,-43.9375,43.875,-72.125,288.3603642386228,8.65625,-107.06447596054892,-15.281250953674316,-52.937503814697266,0.0008200000000000429,2.6933337285924583,616647103_23
spiny,L5,0.00288,-40.6875,41.15625,-61.531253814697266,293.07768623925483,3.90625,-89.50526332478016,17.625,-52.09375,0.0008799999999999919,3.2744184571111608,567776248_12
aspiny,L1,0.00276,-47.031253814697266,43.3125,-62.437503814697266,448.30955926551616,-1.4375001192092896,-154.78267981894288,22.187501907348633,-55.062503814697266,0.0005999999999999339,2.896380653119112,596049209_9
aspiny,L3,0.00318,-49.406253814697266,29.687501907348633,-69.71875762939453,547.934335380868,-8.53125,-342.9582234632528,-2.031250238418579,-66.09375,0.000320000000000098,1.5976707887267732,529807751_14
spiny,L3,0.00308,-65.71875762939453,-28.906251907348633,-66.21875762939453,54.55657440387042,-64.46875762939453,-47.029928345086155,-30.843751907348633,-53.75,0.0022199999999998887,1.1600394966276975,539563223_24
spiny,L4,0.00326,-46.156253814697266,44.781253814697266,-69.65625,472.93332202792914,7.125000476837158,-135.8438898363449,29.406251907348633,-51.9375,0.0006200000000000649,3.48144714199281,489308885_10
aspiny,L3,0.00358,-41.750003814697266,42.1875,-73.00000762939453,346.4181474240819,3.312500238418579,-113.01730136365647,21.281251907348633,-54.875,0.0008200000000000429,3.0651780147307717,601927090_12
spiny,L3,0.00358,-53.968753814697266,34.875,-76.53125,341.1126990749547,-1.9062501192092896,-129.51705373053963,-17.250001907348633,-52.8125,0.0006999999999999229,2.633728063214286,517673596_27
spiny,L5,0.00368,-43.281253814697266,40.968753814697266,-65.0625,332.90402780178187,3.437500238418579,-103.6619944325242,25.71875,-52.031253814697266,0.0007800000000000029,3.2114376114813825,528042185_15
aspiny,L4,0.00342,-48.03125,35.875,-70.0,497.9774227388815,-6.28125,-238.87003974822517,12.250000953674316,-68.06250762939453,0.00045999999999990493,2.084721144869243,571427524_10
spiny,L5,0.00348,-42.6875,46.03125,-64.21875,303.2666070099549,9.1875,-85.55140939277305,29.90625,-54.781253814697266,0.001060000000000061,3.5448464164702975,601950719_15
spiny,L6,0.00362,-48.937503814697266,42.812503814697266,-68.59375762939453,390.4548504687137,2.1875,-118.00602344913392,23.25,-59.90625,0.0007600000000000939,3.3087705106597194,529988200_11
spiny,L5,0.00334,-45.0625,38.406253814697266,-68.78125762939453,329.24906617301053,-9.25,-101.63831451639255,-3.531250238418579,-54.0,0.0008799999999999919,3.2394187933912284,576132767_10
aspiny,L3,0.00286,-45.0,23.625001907348633,-76.59375762939453,486.2789732034333,-17.968751907348633,-343.8462206952169,-6.3125,-63.0,0.00029999999999996696,1.4142338753069148,571709783_14
spiny,L5,0.00322,-41.281253814697266,38.250003814697266,-69.25,314.97197349003795,-5.000000476837158,-108.26464547985829,-11.156250953674316,-51.000003814697266,0.0008000000000001339,2.9092782052164554,587719226_16
spiny,L5,0.00346,-47.281253814697266,47.78125,-69.0625,354.1881116810329,13.4375,-98.13563187007516,35.1875,-52.40625,0.0008799999999999919,3.609169319355417,562381326_19
spiny,L3,0.00348,-44.5,42.4375,-67.65625762939453,281.3295040037225,7.0,-86.10124258407835,20.843751907348633,-51.781253814697266,0.0009799999999999809,3.2674267590157324,528612139_14
spiny,L3,0.00334,-43.71875,44.562503814697266,-71.0,340.9645109792093,7.093750476837158,-96.11336847914033,30.75,-51.031253814697266,0.0008399999999999519,3.5475243077471528,613333217_13
spiny,L2,0.0035,-47.093753814697266,45.812503814697266,-72.78125,467.91979868838655,-2.0,-114.85396595022182,12.71875,-57.968753814697266,0.0008200000000000429,4.074041282050155,508421103_12
spiny,L4,0.00314,-46.718753814697266,45.812503814697266,-69.96875,433.0928327532336,2.250000238418579,-117.07896648482408,29.093751907348633,-54.687503814697266,0.0007199999999998319,3.699151485159135,569823971_14
spiny,L3,0.0035,-48.218753814697266,50.843753814697266,-76.375,382.20657706524906,8.125000953674316,-91.45834242518252,-18.0625,-54.500003814697266,0.001040000000000152,4.179023661815357,571508482_21
aspiny,L3,0.00226,-49.468753814697266,29.812501907348633,-72.03125,496.02012586855733,-8.96875,-296.89402723488604,0.5,-65.84375,0.00035999999999991594,1.6706975565935982,561432315_11
spiny,L3,0.00326,-46.625003814697266,51.250003814697266,-67.78125762939453,433.4080992125926,13.65625,-98.30482315497105,36.500003814697266,-52.5625,0.0008999999999999009,4.408818258381417,527891102_14
aspiny,L3,0.00334,-47.093753814697266,30.03125,-68.81250762939453,333.53256279925387,-0.9687500596046448,-163.0744219461365,3.218750238418579,-66.6875,0.000600000000000156,2.045278216036968,539640410_9
aspiny,L3,0.00348,-44.5,34.15625,-70.15625762939453,440.1072943919888,-4.718750476837158,-263.94965623104343,6.0,-65.65625,0.00043999999999999595,1.6673910497793907,541536216_13
spiny,L3,0.0034,-44.65625,36.125,-69.875,329.83306170537287,-5.406250476837158,-85.19377134753906,-14.250000953674316,-53.500003814697266,0.0009400000000001629,3.871563102422752,614230805_19
spiny,L3,0.00346,-55.156253814697266,35.062503814697266,-73.875,384.51047373285155,-6.093750476837158,-126.85887488722136,-18.5,-56.750003814697266,0.0007199999999998319,3.031009648120281,488386431_20
spiny,L3,0.003385,-46.156253814697266,48.0,-68.18750762939453,323.7396868039497,10.53125,-107.51242970437593,-11.1875,-51.718753814697266,0.0008799999999999919,3.0111838016695196,488400701_11
spiny,L6,0.00348,-45.15625,47.718753814697266,-64.78125762939453,446.55327255503033,-1.8125001192092896,-93.8151795694224,36.812503814697266,-57.250003814697266,0.0009200000000000319,4.759925574992743,614635228_13
aspiny,L3,0.0025,-46.59375,14.687500953674316,-66.78125,269.8310842434766,-10.375000953674316,-155.02739266894585,-6.156250476837158,-64.03125,0.000560000000000116,1.7405381048992352,643572206_8
spiny,L3,0.00356,-47.562503814697266,47.093753814697266,-73.21875762939453,315.6514678130871,14.500000953674316,-100.3704713217213,-16.15625,-51.500003814697266,0.0008600000000000829,3.1448638594245257,529908238_23
spiny,L3,0.00352,-51.21875,47.46875,-76.65625,415.51079240656645,6.25,-120.05127824651805,16.250001907348633,-52.937503814697266,0.0007599999999998719,3.461110939221656,531526662_36
spiny,L3,0.0032,-44.28125,44.125,-65.15625,440.5963374536981,-3.187500238418579,-123.52719201383465,26.468751907348633,-60.500003814697266,0.0006999999999999229,3.566796348810007,530062268_11
spiny,L3,0.00338,-50.5,52.5625,-72.03125,428.8585866044653,6.28125,-101.55724524161404,38.000003814697266,-51.9375,0.0008799999999999919,4.222826107425139,537307503_26
spiny,L3,0.00346,-47.6875,40.000003814697266,-79.3125,381.52286069119015,1.15625,-126.18302320311379,-16.15625,-58.562503814697266,0.0007399999999999629,3.0235672835089864,508285405_31
spiny,L3,0.0036,-47.875003814697266,53.343753814697266,-70.93750762939453,351.49814480939915,10.500000953674316,-82.56115774106195,-17.46875,-56.031253814697266,0.0011399999999999189,4.257427517087504,571483807_14
spiny,L3,0.0034,-43.3125,36.718753814697266,-73.5625,281.144963588155,0.9375000596046448,-112.10648674840391,-10.03125,-56.125003814697266,0.0008600000000000829,2.5078385001852515,569101823_23
aspiny,L2,0.00362,-46.09375,32.093753814697266,-69.71875762939453,344.40615742341373,-1.3750001192092896,-188.872284682401,11.5625,-63.43750762939453,0.000520000000000076,1.8234870087082995,571435969_12
spiny,L5,0.00366,-48.531253814697266,34.625,-73.78125,285.26418795016536,4.968750476837158,-125.03745585007773,-13.78125,-57.65625,0.0007399999999999629,2.2814298804368067,548421866_18
spiny,L4,0.004,-50.218753814697266,45.343753814697266,-70.8125,341.5239742129722,9.625000953674316,-86.58958059325307,30.000001907348633,-54.937503814697266,0.0009999999999998899,3.9441694009034522,539540199_17
spiny,L3,0.0036,-46.90625,39.5625,-75.53125,318.21736610675066,-0.09375,-112.32142129953851,-13.9375,-53.656253814697266,0.0008799999999999919,2.8330959706976047,531529716_22
spiny,L5,0.00352,-43.0,39.09375,-67.9375,387.5075870113612,-0.21875,-176.90862351520832,-10.53125,-54.343753814697266,0.0005399999999999849,2.1904392183462345,545193484_10
spiny,L5,0.00348,-46.59375,41.875,-74.34375762939453,341.8433742741452,4.531250476837158,-118.72137117423816,-17.9375,-62.000003814697266,0.0007800000000000029,2.879375220257928,508309649_15
spiny,L3,0.00356,-50.593753814697266,40.84375,-72.21875,305.8852553239594,3.093750238418579,-98.06990878643124,-7.062500476837158,-54.687503814697266,0.0008999999999999009,3.119053123523259,528617195_17
aspiny,L5,0.00334,-46.687503814697266,27.0,-74.56250762939453,460.4347334828847,-9.46875,-252.91726051825293,-7.6875,-64.53125,0.00039999999999995595,1.820495495401965,587710671_15
aspiny,L2,0.0031,-43.750003814697266,44.000003814697266,-62.59375,486.3820834506895,1.0,-179.26098213011323,25.25,-61.718753814697266,0.000560000000000116,2.713262404741586,571517139_10
spiny,L3,0.00376,-43.656253814697266,38.53125,-74.53125762939453,253.95650349548825,5.125,-91.29881084421962,23.000001907348633,-49.187503814697266,0.0008799999999999919,2.781597056382328,508390405_79
spiny,L5,0.0036,-43.500003814697266,51.968753814697266,-77.5,424.79164737023893,9.937500953674316,-111.08607273548706,39.343753814697266,-45.343753814697266,0.0007599999999998719,3.823986544035388,526816192_30
spiny,L5,0.00386,-44.25,47.906253814697266,-69.00000762939453,294.9974904231478,7.406250476837158,-70.5384207588262,35.843753814697266,-57.4375,0.0012199999999999989,4.182082434645886,571471295_21
spiny,L5,0.00294,-43.375,42.093753814697266,-65.6875,375.4939465197629,-2.500000238418579,-127.8800468788873,1.03125,-54.187503814697266,0.0007199999999998319,2.936298161318207,541566142_11
spiny,L3,0.00362,-42.937503814697266,48.65625,-66.46875,300.8853525716455,3.125,-76.51294015933705,26.906251907348633,-52.656253814697266,0.0010999999999998789,3.932476675776101,587770251_26
spiny,L3,0.00364,-48.03125,38.000003814697266,-74.6875,278.9404140226781,1.6875,-93.8572591808181,-15.75,-52.187503814697266,0.0009600000000000719,2.9719641981585374,528697733_23
spiny,L3,0.00364,-54.875,48.03125,-77.43750762939453,347.1240912335797,9.6875,-114.79781559155441,27.906251907348633,-48.843753814697266,0.0007600000000000939,3.023786554167825,527901472_38
aspiny,L3,0.00326,-48.09375,13.0,-71.09375,410.21592815508956,-16.34375,-275.96095352053635,-6.937500476837158,-63.156253814697266,0.00031999999999987594,1.4864998939951926,528734156_13
spiny,L3,0.0035,-49.156253814697266,53.000003814697266,-74.56250762939453,457.3476080980252,11.000000953674316,-90.43097083765177,34.15625,-51.28125,0.0009199999999998099,5.057422295278559,528038990_35
spiny,L3,0.0032,-47.031253814697266,41.25,-71.3125,390.15642654389853,-3.5,-108.73352038094431,-16.71875,-53.312503814697266,0.0007600000000000939,3.588189043976488,548408551_18
spiny,L4,0.0033,-45.0,36.906253814697266,-70.0625,305.81570098400016,-1.40625,-69.39823204945527,-13.5625,-57.468753814697266,0.0011200000000000099,4.406678555817772,567731428_15
aspiny,L3,0.00322,-43.71875,29.625001907348633,-72.21875,458.3544944044928,-4.125,-269.09055111412965,1.9375001192092896,-57.65625,0.00035999999999991594,1.703346670876193,643589588_11
spiny,L5,0.00262,-45.0,38.1875,-57.90625,318.9985234718561,2.125,-118.70949833689035,20.468751907348633,-55.781253814697266,0.0007399999999999629,2.687219876597892,545152345_8
spiny,L4,0.00318,-44.781253814697266,41.3125,-70.09375,374.1383594680804,5.250000476837158,-135.35103806130223,24.781251907348633,-47.500003814697266,0.000600000000000156,2.7642075363960514,569867780_16
spiny,L6,0.00342,-46.4375,37.437503814697266,-73.65625,267.82321194447655,-4.25,-103.89871262183044,19.437501907348633,-46.843753814697266,0.0007800000000000029,2.577733690688709,545171030_23
spiny,L3,0.00342,-50.34375,41.656253814697266,-76.90625762939453,306.7970467244588,2.625000238418579,-120.01462746849776,-13.875000953674316,-52.906253814697266,0.0008399999999999519,2.5563304506776805,576090160_17
spiny,L3,0.0033,-45.906253814697266,43.750003814697266,-61.125003814697266,327.0468153179584,2.156250238418579,-90.27096198453424,20.468751907348633,-53.781253814697266,0.0009599999999998499,3.6229459410656335,528638602_14
spiny,L3,0.00352,-50.937503814697266,40.53125,-67.96875762939453,337.2920792782953,7.625000476837158,-75.0788419210811,17.15625,-51.9375,0.0009799999999999809,4.492505087289956,545206633_17
spiny,L5,0.00346,-49.968753814697266,43.500003814697266,-67.28125,325.15975720952133,5.000000476837158,-89.89026415075122,-14.0,-58.281253814697266,0.0009799999999999809,3.6172967148501134,569869510_14
aspiny,L3,0.0034,-44.09375,30.843751907348633,-66.90625,460.8238562146006,-1.09375,-372.2726274638576,0.375,-60.906253814697266,0.000320000000000098,1.2378666123104636,576084692_10
spiny,L4,0.00368,-45.0,42.90625,-64.3125,349.9151891514345,4.812500476837158,-120.15194774266013,22.65625,-57.000003814697266,0.0007399999999999629,2.912272299579182,611764247_12
spiny,L3,0.0032,-45.812503814697266,43.625,-71.56250762939453,361.52874008523213,0.75,-142.41979803638122,-9.125000953674316,-50.65625,0.0006800000000000139,2.5384724951855318,576132827_19
spiny,L3,0.00348,-52.09375,46.34375,-76.4375,348.4696637173357,10.781250953674316,-102.99849945168339,24.40625,-52.656253814697266,0.0008600000000000829,3.3832499072552302,526785799_24
spiny,L3,0.00358,-46.375003814697266,45.281253814697266,-71.40625,328.9960123714052,10.84375,-79.90245031933213,29.218751907348633,-50.281253814697266,0.0009799999999999809,4.117470879260454,542086000_25
spiny,L2,0.0035,-39.40625,35.687503814697266,-76.0625,238.59845932730383,-3.437500238418579,-86.34586349381215,-14.781250953674316,-58.906253814697266,0.0011600000000000499,2.7632876628120426,571500474_18
spiny,L6,0.00334,-47.500003814697266,44.531253814697266,-70.03125762939453,394.16321896048817,4.1875,-119.67972138878412,-15.78125,-54.0,0.0007200000000000539,3.2934837613803762,548494556_16
spiny,L2,0.00358,-48.468753814697266,48.5625,-77.93750762939453,307.05211861525856,11.750000953674316,-98.94477498504398,26.687501907348633,-56.906253814697266,0.0009200000000000319,3.103267642598319,614659629_25
aspiny,L3,0.0192,-41.9375,38.28125,-63.687503814697266,298.1422004594273,-2.281250238418579,-99.56558640036695,22.53125,-53.156253814697266,0.0008200000000000429,2.994430216687083,637038252_8
spiny,L5,0.00344,-49.593753814697266,37.0,-73.75000762939453,286.64772174069685,9.062500953674316,-125.73899426252679,21.562501907348633,-54.843753814697266,0.0006800000000000139,2.279704266937378,548459652_27
spiny,L3,0.00342,-48.34375,48.90625,-74.65625762939453,430.88589922081144,1.5,-106.8594287583872,19.625,-54.500003814697266,0.0008200000000000429,4.032268413066844,517693603_18
aspiny,L3,0.00288,-44.375003814697266,26.875,-70.5,442.8771958381216,-11.6875,-257.34248062469334,0.3125000298023224,-66.03125762939453,0.00038000000000004697,1.7209641982273847,542142697_12
spiny,L5,0.00358,-36.9375,35.34375,-67.25000762939453,233.22412395545942,1.3750001192092896,-72.5202919656045,-10.09375,-47.343753814697266,0.0010399999999999299,3.215984349126377,567763632_39
spiny,L4,0.0034,-44.406253814697266,40.093753814697266,-62.093753814697266,321.98636273264543,-1.09375,-101.87615458222191,-15.281250953674316,-58.593753814697266,0.0009000000000001229,3.1605665138526366,611823070_11
spiny,L5,0.0034,-49.9375,48.71875,-67.84375,429.71733214548965,3.0,-95.78562699804259,-19.843751907348633,-58.46875,0.0009200000000000319,4.486240218005475,576120358_14
spiny,L3,0.00348,-32.3125,41.875,-74.3125,303.884700081415,2.4375,-115.33732169908885,-4.562500476837158,-53.406253814697266,0.0008399999999999519,2.6347473272722586,508376177_24
spiny,L3,0.00358,-45.187503814697266,54.0,-71.125,392.24499531055017,4.718750476837158,-77.22205765821927,39.593753814697266,-49.968753814697266,0.0010999999999998789,5.0794424184681235,539547437_31
spiny,L6,0.00338,-49.031253814697266,41.500003814697266,-71.0,349.4674611028505,4.312500476837158,-121.6141062976355,25.500001907348633,-56.218753814697266,0.0006999999999999229,2.873576690582029,548473245_15
spiny,L5,0.00364,-41.46875,26.187501907348633,-69.65625,259.87546343629003,-11.84375,-106.24566653697137,-1.9375001192092896,-47.968753814697266,0.0007399999999999629,2.445986475560004,541551362_12
spiny,L3,0.00318,-50.15625,45.46875,-78.0,443.80645411932903,0.5,-123.69165688055244,-7.1875,-55.375003814697266,0.0007399999999999629,3.588006380639784,527946361_16
spiny,L3,0.0036,-48.437503814697266,43.875,-77.03125762939453,357.46207846696757,-0.78125,-127.52557972641985,-12.625,-52.031253814697266,0.0007800000000000029,2.803061779713761,531526539_17
spiny,L5,0.00328,-48.34375,46.65625,-68.125,325.9931854427197,9.3125,-98.60411026689407,26.062501907348633,-52.750003814697266,0.0008799999999999919,3.306081101085404,539542218_13
spiny,L5,0.00312,-47.031253814697266,45.031253814697266,-72.71875762939453,445.34845102008387,-3.656250238418579,-120.86871718301768,28.187501907348633,-52.656253814697266,0.0007199999999998319,3.684563395719205,569820026_14
spiny,L3,0.00316,-50.062503814697266,47.375,-68.9375,390.39536576700687,3.562500238418579,-115.41946541605253,-15.812500953674316,-55.687503814697266,0.0008399999999999519,3.382404903364859,525007375_15
spiny,L5,0.0037,-45.625,43.0625,-69.81250762939453,330.35953293773434,1.75,-83.88282636298918,-14.843750953674316,-54.46875,0.0009599999999998499,3.9383452759228406,571450845_18
spiny,L6,0.00334,-50.062503814697266,48.437503814697266,-67.8125,480.58910807459324,0.9062500596046448,-89.76110439321528,-20.156251907348633,-56.78125,0.0009400000000001629,5.354090853977051,613944404_19
spiny,L3,0.00334,-45.593753814697266,49.500003814697266,-71.25000762939453,380.7515271147582,7.156250476837158,-100.21690037968477,-15.281250953674316,-54.843753814697266,0.0009200000000000319,3.7992746300497364,587762000_18
spiny,L5,0.00322,-44.781253814697266,42.937503814697266,-66.09375,437.03777474379297,6.28125,-136.32545928136406,27.468751907348633,-57.125003814697266,0.0006199999999998429,3.2058412056531895,530094213_10
spiny,L4,0.00342,-44.718753814697266,41.343753814697266,-70.84375762939453,304.1043314611737,5.59375,-91.00816344656455,-15.687500953674316,-53.4375,0.0008799999999999919,3.3415060797235903,548461580_16
spiny,L3,0.00346,-49.906253814697266,48.09375,-72.9375,371.0807802457757,11.875000953674316,-114.32258694098029,-12.187500953674316,-52.031253814697266,0.0007999999999999119,3.2459095807318317,541541635_22
spiny,L3,0.00376,-58.343753814697266,29.062501907348633,-77.65625762939453,290.1350884462661,-9.562500953674316,-76.03707192122613,7.125000476837158,-68.21875,0.001060000000000061,3.8157056961220706,569820130_11
aspiny,L3,0.0029,-45.593753814697266,42.53125,-71.28125762939453,464.76318430232124,2.8125,-160.35169065614744,22.5,-54.15625,0.000560000000000116,2.8983990277903784,542179094_12
spiny,L3,0.00366,-44.531253814697266,47.156253814697266,-74.6875,313.40683624678655,9.1875,-95.06247064736071,-5.375,-52.437503814697266,0.0009199999999998099,3.2968513663965866,528758496_27
spiny,L5,0.00322,-47.9375,44.562503814697266,-72.34375,442.1527782995575,-7.4375,-113.47102295073397,27.781251907348633,-50.937503814697266,0.0007200000000000539,3.8966140147650576,539659702_14
spiny,L5,0.00354,-46.03125,51.312503814697266,-65.4375,404.18628568760084,2.53125,-103.75095464180897,32.84375,-60.031253814697266,0.0009399999999999409,3.8957355822220467,587784061_10
spiny,L3,0.0035,-43.0,44.625003814697266,-72.40625762939453,404.8557957903252,7.593750476837158,-98.80730557136604,-14.812500953674316,-49.84375,0.0007999999999999119,4.09742775039957,529988599_90
aspiny,L3,0.0033,-38.625,40.062503814697266,-60.312503814697266,361.69697600300515,0.6875000596046448,-157.96529132046118,20.000001907348633,-60.21875,0.0006399999999999739,2.2897243627350856,545604343_14
spiny,L3,0.00346,-40.937503814697266,34.031253814697266,-71.28125762939453,251.21825137208668,-2.53125,-110.57140980778078,-14.531250953674316,-62.187503814697266,0.0009600000000000719,2.2720000749633993,505689242_18
spiny,L5,0.0033,-43.843753814697266,40.656253814697266,-64.65625,305.4037883430205,6.28125,-117.24331955518764,19.375,-52.906253814697266,0.0007399999999999629,2.604871556875902,528605746_13
spiny,L5,0.00352,-50.0,44.687503814697266,-70.09375,361.5469285798894,2.625000238418579,-100.36772635468986,26.312501907348633,-54.343753814697266,0.0008399999999999519,3.6022229626106848,541548139_11
aspiny,L3,0.00288,-52.40625,21.0625,-71.68750762939453,404.95805194555106,-17.281251907348633,-224.61842030333676,-13.468750953674316,-68.3125,0.00043999999999999595,1.8028710708528446,571525618_9
aspiny,L4,0.00358,-39.531253814697266,20.000001907348633,-61.000003814697266,365.61267317529456,-11.281250953674316,-227.92861450726247,-4.343750476837158,-56.968753814697266,0.00038000000000004697,1.6040665800811291,562380252_10
spiny,L3,-0.1825,-75.0,41.125,-76.09375,257.50469334164563,11.015625,-100.94409554663403,25.6875,-52.296875,0.0008399999999999797,2.5513110310873977,526714785_12
aspiny,L3,0.00288,-43.656253814697266,41.375003814697266,-64.71875,404.05402092555437,-1.3125001192092896,-142.123274218071,18.843751907348633,-54.968753814697266,0.0006399999999999739,2.8429827777931873,571520445_10
spiny,L3,0.00368,-40.75,38.250003814697266,-70.5,251.6556738024382,3.875000238418579,-85.07659428363692,15.406250953674316,-51.500003814697266,0.0009399999999999409,2.9579895142892436,508400454_28
spiny,L3,0.0032,-44.03125,46.8125,-74.43750762939453,345.1277185393684,8.5,-130.8019567938218,-4.343750476837158,-55.03125,0.0007599999999998719,2.6385516470780344,571624532_14
aspiny,L3,0.00298,-46.1875,26.218751907348633,-69.03125,395.3470697704452,-12.625,-222.35601244247,-8.406250953674316,-65.4375,0.00043999999999999595,1.7779913636143887,528016025_12
aspiny,L2,0.0031,-45.968753814697266,19.625,-72.40625762939453,382.7699626829629,-19.53125,-214.96669348034646,-10.3125,-67.84375,0.000460000000000127,1.7806012479694115,527944264_12
spiny,L3,0.0033,-45.437503814697266,51.28125,-72.5625,439.2999073185389,11.437500953674316,-92.61604096418822,30.75,-53.937503814697266,0.0009000000000001229,4.743237810050666,529979375_29
spiny,L6,0.00296,-42.875003814697266,45.6875,-62.656253814697266,343.75061216104825,7.0,-90.27343968139677,-14.531250953674316,-57.250003814697266,0.0009999999999998899,3.8078820677959295,596052605_10
spiny,L5,0.00348,-43.40625,47.812503814697266,-72.09375762939453,389.54917990155025,0.3437500298023224,-95.02433482185167,27.187501907348633,-54.71875,0.0008999999999999009,4.099467579876919,528617665_14
spiny,L4,0.00302,-43.78125,38.812503814697266,-72.34375,414.72501994081904,-3.343750238418579,-122.53342445627885,-4.500000476837158,-52.500003814697266,0.0006999999999999229,3.3845868731824846,508400049_13
spiny,L3,0.0037,-40.875003814697266,46.25,-71.625,331.4837182106932,2.6875,-107.67233289745103,2.0,-53.125,0.0008600000000000829,3.078634123460518,508378649_20
spiny,L3,0.00364,-44.937503814697266,44.125,-70.8125,362.4835492121315,2.250000238418579,-108.6980427021396,-15.687500953674316,-53.03125,0.0007800000000000029,3.334775311506105,508427757_30
spiny,L5,0.00356,-45.9375,44.312503814697266,-70.15625762939453,340.3360802201313,6.28125,-91.93026863922823,32.500003814697266,-55.656253814697266,0.0009400000000001629,3.702111233414845,571485304_17
spiny,L3,0.00356,-50.5,52.500003814697266,-71.56250762939453,453.46280253248347,12.656250953674316,-86.72863353947972,37.531253814697266,-50.937503814697266,0.0009399999999999409,5.228524698547946,528019077_30
aspiny,L4,0.00306,-48.96875,39.15625,-70.84375762939453,638.2355910092916,-6.343750476837158,-452.3888357206925,2.0,-70.71875,0.00027999999999983594,1.4108119843243478,545192313_12
aspiny,L3,0.00302,-47.125,32.250003814697266,-73.90625,432.62415643908764,-5.8125,-171.9040901808924,-3.187500238418579,-55.625003814697266,0.0004999999999999449,2.516660051449869,527909293_13
aspiny,L3,0.00318,-45.281253814697266,21.6875,-72.50000762939453,414.8246083320279,-13.343750953674316,-222.26403852188167,-10.375000953674316,-67.5,0.00043999999999999595,1.866359538370346,571483584_9
spiny,L5,0.00354,-48.281253814697266,44.375003814697266,-69.50000762939453,315.47549013151246,10.062500953674316,-90.52026701989047,29.125001907348633,-52.437503814697266,0.0009199999999998099,3.4851365392259774,526732858_19
spiny,L3,0.0037,-44.125,40.84375,-73.34375,316.7092764634124,3.187500238418579,-101.6143554136305,-15.718750953674316,-55.34375,0.0008599999999998609,3.116776907890803,611915585_20
spiny,L3,0.00338,-50.937503814697266,50.34375,-71.46875762939453,414.96297257771937,-0.875,-88.29170366954384,-17.90625,-52.656253814697266,0.0009599999999998499,4.699908998594401,537261100_25
spiny,L5,0.00324,-46.218753814697266,48.03125,-64.18750762939453,379.47383349096896,-2.406250238418579,-79.51379694521442,34.250003814697266,-52.437503814697266,0.0009999999999998899,4.772427529179988,528025071_17
spiny,L3,0.0037,-40.062503814697266,33.125003814697266,-74.15625762939453,238.31823690646175,-0.6562500596046448,-100.5586936646695,-7.6875,-53.75,0.001000000000000112,2.369941655180759,529822280_21
spiny,L5,0.00344,-43.031253814697266,49.625,-63.09375,271.70606951671925,9.937500953674316,-62.38280846974422,35.687503814697266,-52.500003814697266,0.0013600000000000279,4.355463887915485,571527806_13
spiny,L3,0.00344,-53.1875,48.8125,-70.96875762939453,387.8790211158068,4.84375,-114.85709176334639,31.156251907348633,-51.656253814697266,0.0007399999999999629,3.3770576562655763,527922515_17
spiny,L4,0.00324,-42.1875,36.28125,-65.09375762939453,247.26521347460357,2.500000238418579,-79.95818283480116,12.28125,-51.6875,0.0009799999999999809,3.092431627485453,542137330_11
spiny,L4,0.0029,-44.1875,47.6875,-64.65625,369.8737997814272,6.5,-98.09469985864045,26.750001907348633,-52.187503814697266,0.0008399999999999519,3.7705788418174935,613445682_11
spiny,L3,0.00306,-44.65625,37.25,-74.87500762939453,303.2607604675621,-10.000000953674316,-96.91936481804507,-13.875000953674316,-56.500003814697266,0.0009200000000000319,3.1290007011178744,571691416_11
aspiny,L3,0.00346,-43.875,34.750003814697266,-66.31250762939453,482.665647544125,-7.156250476837158,-374.411275642379,5.375,-66.0,0.000320000000000098,1.2891322429219407,528002420_10
spiny,L3,0.00304,-46.96875,51.84375,-60.000003814697266,494.13627884415,6.218750476837158,-97.264460673313,-17.1875,-53.968753814697266,0.0008799999999999919,5.08033741639539,571735073_19
aspiny,L4,0.00354,-41.593753814697266,20.9375,-73.21875762939453,333.20248221639616,-14.843750953674316,-199.0930640807923,-6.875000476837158,-64.53125,0.000500000000000167,1.6736016583741062,508381644_11
spiny,L2,0.00372,-39.031253814697266,33.875003814697266,-75.3125,240.66235112298486,-6.343750476837158,-102.3799066131685,1.6875,-53.937503814697266,0.0009199999999998099,2.3506795335563426,526714733_25
spiny,L5,0.00346,-44.156253814697266,41.46875,-69.50000762939453,281.00883821433,5.84375,-76.88215982441619,27.875,-52.906253814697266,0.001000000000000112,3.6550591041679787,571427581_17
aspiny,L3,0.00318,-41.71875,25.812501907348633,-69.96875,427.20709892717485,-12.156250953674316,-247.208373878197,-5.968750476837158,-64.28125762939453,0.00039999999999995595,1.728125517049296,508400236_12
aspiny,L6,0.00334,-42.718753814697266,43.500003814697266,-69.71875762939453,413.5575905276563,-0.9687500596046448,-200.73257621679085,22.468751907348633,-67.87500762939453,0.0005800000000000249,2.060241532899049,613468354_10
aspiny,L3,0.00324,-47.9375,24.593751907348633,-73.40625762939453,466.23779497231374,-11.375000953674316,-293.0773464681894,0.03125,-58.843753814697266,0.00031999999999987594,1.590835322452734,526734407_17
spiny,L3,0.00362,-49.750003814697266,27.875,-71.8125,247.76579610277093,-13.968750953674316,-82.93680059054728,-8.343750953674316,-51.187503814697266,0.0009799999999999809,2.9874047990586465,500955009_13
spiny,L4,0.0035,-50.5,41.437503814697266,-75.03125,354.75658316054023,1.6875,-91.69526706015235,28.500001907348633,-54.031253814697266,0.0009000000000001229,3.8688647138986894,561466001_17
aspiny,L5,0.00304,-45.343753814697266,38.000003814697266,-64.06250762939453,344.61429898510823,2.0,-123.8816572518291,22.53125,-56.437503814697266,0.0006800000000000139,2.781802460751469,529884137_11
spiny,L3,0.00356,-48.34375,49.78125,-66.21875762939453,444.67936422262306,9.3125,-98.85446020670776,-19.562501907348633,-54.281253814697266,0.0008399999999999519,4.498323730591261,576113488_12
aspiny,L6,0.00312,-43.21875,42.125,-68.28125762939453,330.7034727104512,6.25,-126.07445970485021,22.65625,-67.34375762939453,0.0008199999999998209,2.6230806262002067,613396614_9
spiny,L3,0.00316,-44.781253814697266,45.500003814697266,-73.71875762939453,407.3436969387963,-2.21875,-115.20225317591313,-13.812500953674316,-55.812503814697266,0.0008399999999999519,3.535900433447122,571426284_12
spiny,L3,0.00354,-50.750003814697266,41.25,-77.15625,377.94176667963137,0.5937500596046448,-109.00572625312495,-16.28125,-51.750003814697266,0.0007200000000000539,3.4671735116190434,517693519_31
spiny,L4,0.00288,-48.8125,34.625,-72.625,404.7961780203722,-3.812500238418579,-165.74267389458274,7.062500476837158,-52.281253814697266,0.0005199999999998539,2.4423171685877025,595562635_12
spiny,L4,0.00324,-45.437503814697266,47.562503814697266,-62.406253814697266,430.1170205601002,8.0,-132.85525999661866,29.843751907348633,-56.281253814697266,0.0006800000000000139,3.237485821570386,561435279_12
spiny,L6,0.00378,-48.96875,38.000003814697266,-72.0625,322.0981925790675,2.125,-108.55060462829888,-15.500000953674316,-57.281253814697266,0.0007800000000000029,2.9672629985065715,517673954_22
spiny,L2,0.0037,-44.09375,43.0,-69.5625,322.1961936130712,8.781250953674316,-114.02010914199643,21.9375,-57.812503814697266,0.0007999999999999119,2.825783943179882,571464200_15
spiny,L5,0.00364,-45.125003814697266,36.343753814697266,-72.78125,249.9030465038078,6.656250476837158,-78.06640717956094,26.218751907348633,-51.031253814697266,0.0009799999999999809,3.2011598270303963,528643271_19
spiny,L3,0.00308,-48.875003814697266,42.937503814697266,-74.43750762939453,381.51242166525,-4.9375,-93.0820095400556,-15.937501907348633,-52.500003814697266,0.0008200000000000429,4.098669802579577,571624971_16
spiny,L4,0.0034,-45.906253814697266,41.531253814697266,-70.59375,317.6302501118651,7.843750476837158,-95.64385398848387,26.4375,-51.781253814697266,0.0008599999999998609,3.3209687488138004,530022494_16
aspiny,L3,0.00276,-48.781253814697266,7.6875,-73.65625,461.17452279318366,-24.53125,-318.6136041537811,-10.46875,-60.406253814697266,0.000260000000000149,1.447441404826501,643575207_14
aspiny,L3,0.00344,-45.187503814697266,20.90625,-69.00000762939453,362.5101058349691,-8.65625,-245.70064203140905,-8.562500953674316,-62.562503814697266,0.0003849999999998577,1.4754137508058598,558181151_10
spiny,L3,0.0036,-48.687503814697266,48.0,-71.03125,366.0708985903031,3.0,-102.57309357486639,-19.03125,-57.65625,0.0009200000000000319,3.568878404969955,529845713_17
spiny,L3,0.0036,-50.187503814697266,54.437503814697266,-73.6875,426.6492781602985,11.531250953674316,-99.44466227068493,27.71875,-49.968753814697266,0.0008600000000000829,4.290318539158732,527930921_38
spiny,L3,0.00354,-50.906253814697266,41.343753814697266,-76.5625,294.71904768555834,6.0625,-90.33925333297225,-20.96875,-54.093753814697266,0.0009249999999998426,3.262358684760028,558159992_23
spiny,L3,0.00352,-45.593753814697266,39.40625,-75.68750762939453,272.4519633448467,3.625000238418579,-115.33966016426277,11.90625,-50.875,0.0007800000000000029,2.362170678817937,545227537_16
spiny,L5,0.00368,-41.78125,37.375003814697266,-68.53125,242.9607112551708,4.812500476837158,-92.58533577510572,-9.125000953674316,-48.65625,0.0009200000000000319,2.624181348170883,587776508_14
spiny,L3,0.00378,-44.687503814697266,45.15625,-61.25,279.4175308028017,10.25,-116.45464132168296,28.468751907348633,-58.250003814697266,0.0008399999999999519,2.399367922408227,505692551_13
aspiny,L3,0.00298,-43.40625,31.1875,-64.06250762939453,356.30612233928144,-10.96875,-122.57017303524783,18.562501907348633,-59.65625,0.0006599999999998829,2.9069561828620207,567764060_10
spiny,L2,0.00364,-46.062503814697266,47.906253814697266,-65.03125,331.44555747320106,0.9062500596046448,-87.23505612290646,-15.250000953674316,-53.218753814697266,0.0010999999999998789,3.7994537082228006,537204107_22
spiny,L3,0.00336,-43.625,50.0,-71.5,430.49484863742117,5.59375,-92.67262115039263,-16.0625,-52.437503814697266,0.0009200000000000319,4.645329367978034,541540569_24
spiny,L2,0.00338,-49.28125,41.46875,-76.09375762939453,339.81746995882924,-5.53125,-118.6906238348411,8.3125,-56.593753814697266,0.0007999999999999119,2.863052353922141,525133308_13
aspiny,L3,0.00316,-46.75,33.687503814697266,-71.625,537.344034298384,-4.531250476837158,-323.8914997245454,-0.75,-66.96875762939453,0.00035999999999991594,1.6590248115661266,571442534_12
aspiny,L5,0.00304,-45.093753814697266,19.1875,-68.9375,363.197369369415,-11.281250953674316,-218.63005039628538,-1.9062501192092896,-64.34375,0.00042000000000008697,1.6612417584457817,643584386_9
spiny,L3,0.00336,-49.406253814697266,49.53125,-73.00000762939453,429.7844361273081,3.0,-105.24965847821005,-12.093750953674316,-49.968753814697266,0.0008799999999999919,4.083475826349468,537266147_26
spiny,L3,0.00344,-42.406253814697266,41.96875,-60.593753814697266,346.90547766388846,1.0,-78.59813341258264,-14.500000953674316,-52.125003814697266,0.000980000000000203,4.413660510776875,508387918_22
aspiny,L3,0.00302,-41.9375,27.0,-67.78125762939453,280.02640015985963,-1.28125,-171.54917496500389,-17.1875,-65.21875762939453,0.000600000000000156,1.6323389501405947,571473428_12
spiny,L3,0.00348,-53.28125,49.250003814697266,-80.78125,393.5243855174984,9.03125,-97.91475078310239,28.03125,-54.3125,0.0008799999999999919,4.019051086482577,531517732_30
aspiny,L4,0.00268,-48.71875,26.187501907348633,-70.59375,578.1041024038301,-17.21875,-427.8998676321651,-1.4375001192092896,-70.46875,0.000280000000000058,1.351026597888048,527898222_13
spiny,L3,0.00302,-45.593753814697266,45.968753814697266,-60.593753814697266,440.98197312008205,0.9062500596046448,-108.5770750526414,-20.96875,-57.156253814697266,0.0008399999999999519,4.061464843350042,489315717_11
aspiny,L3,0.00322,-46.90625,38.0625,-70.12500762939453,605.4281377597135,-3.5,-366.5316987447504,8.843750953674316,-64.25,0.00031999999999987594,1.6517756576937392,614651270_18
spiny,L3,0.00332,-52.281253814697266,41.750003814697266,-79.18750762939453,491.1153774305905,-2.250000238418579,-111.04759173884074,-21.843751907348633,-56.343753814697266,0.0008000000000001339,4.422566664800663,508280017_38
aspiny,L5,0.0032,-43.3125,35.59375,-70.78125,314.8707921777039,-5.59375,-99.54755056308761,-10.84375,-52.468753814697266,0.0007800000000000029,3.163018983356668,569825715_15
spiny,L3,0.00358,-46.062503814697266,50.375003814697266,-65.71875762939453,415.83618570286217,4.781250476837158,-115.72679895867866,-16.375001907348633,-53.968753814697266,0.0008599999999998609,3.5932574774779726,531526842_14
spiny,L5,0.00374,-46.531253814697266,40.5,-64.18750762939453,286.0561087852097,4.65625,-80.57202247338937,-16.75,-53.781253814697266,0.0009799999999999809,3.5503156058877114,562377597_15
spiny,L3,0.00334,-39.687503814697266,40.000003814697266,-68.3125,353.6732797125566,0.8125,-101.41005827113793,-7.281250476837158,-48.34375,0.0007999999999999119,3.4875562221544913,545208779_23
aspiny,L4,0.0032,-45.0,32.031253814697266,-71.84375,514.4546718990867,-6.0625,-288.01172232871727,4.15625,-69.53125762939453,0.00039999999999995595,1.786228240085043,545207901_9
aspiny,L3,0.00282,-52.062503814697266,20.593751907348633,-68.78125762939453,419.28870159252136,-17.625,-277.30322668708243,-12.437500953674316,-66.59375,0.00035999999999991594,1.512022440567054,527932447_10
spiny,L3,0.00344,-44.96875,48.750003814697266,-75.84375,359.28949531813396,4.1875,-105.21737899527601,-18.0625,-53.000003814697266,0.0008399999999999519,3.414735272338091,541545716_22
aspiny,L3,0.003185,-43.250003814697266,16.812501907348633,-74.56250762939453,344.08983003146716,-14.781250953674316,-192.08560211195154,-11.500000953674316,-66.46875,0.0004750000000000032,1.7913358744656163,488400343_13
spiny,L3,0.0034,-53.062503814697266,45.0,-73.875,433.7372831101987,-8.71875,-85.2897913845718,24.187501907348633,-50.062503814697266,0.0009000000000001229,5.085453675862292,537284228_37
spiny,L3,0.0032,-45.968753814697266,48.281253814697266,-67.8125,337.02821924876235,5.53125,-86.88658196281546,34.59375,-51.500003814697266,0.0009799999999999809,3.87894438514107,571517193_14
aspiny,L3,0.00348,-33.40625,22.781251907348633,-72.21875,235.30002422436215,-5.84375,-139.44443472665142,-15.656251907348633,-64.65625,0.0006800000000000139,1.6874106498808177,576120017_13
spiny,L3,0.00358,-45.187503814697266,43.0,-74.3125,342.00150326126675,-2.09375,-107.09281834933283,-14.59375,-54.062503814697266,0.0008400000000001739,3.193505489281928,539556162_30
spiny,L5,0.00372,-43.0625,40.093753814697266,-62.187503814697266,296.4112684258887,5.281250476837158,-107.99623839079706,21.750001907348633,-57.5,0.0008399999999999519,2.744644376902182,528611949_9
spiny,L2,0.00362,-53.406253814697266,39.343753814697266,-80.0625,259.96605189930807,10.281250953674316,-102.99254834031485,20.1875,-51.6875,0.0007999999999999119,2.5241248623183,526727406_38
aspiny,L5,0.00336,-47.250003814697266,30.687501907348633,-74.34375762939453,519.3712900651419,-14.250000953674316,-346.02519916754113,-3.03125,-66.875,0.00034000000000000696,1.5009637775359497,548444436_16
spiny,L2,0.00376,-52.40625,48.25,-73.40625762939453,342.9322625751062,11.000000953674316,-72.4946915263527,20.687501907348633,-50.34375,0.001060000000000061,4.730446538288203,539537094_26
spiny,L3,0.00338,-52.500003814697266,50.0,-74.8125,439.16416212822423,-2.875000238418579,-101.29555641758226,-16.46875,-50.25,0.0008399999999999519,4.335473121030182,525023625_30
aspiny,L5,0.003,-48.125003814697266,34.0,-74.1875,572.2748603596484,-13.406250953674316,-332.2376736151778,5.687500476837158,-63.656253814697266,0.00034000000000000696,1.7224863578309888,528687520_14
spiny,L3,0.00338,-43.5625,53.062503814697266,-66.25000762939453,398.1542557331363,7.0,-100.41330962196159,35.0,-48.71875,0.0008600000000000829,3.9651541935239156,542141883_33
spiny,L3,0.00352,-51.625003814697266,37.5,-74.09375,351.4639149160473,3.03125,-107.44700891055828,-21.562501907348633,-54.343753814697266,0.000740000000000185,3.2710441963872174,548416317_18
aspiny,L3,0.00352,-50.8125,27.59375,-83.21875,469.1072341204341,-4.4375,-380.99440304247577,-3.90625,-67.71875,0.00031999999999987594,1.231270670577633,488386504_12
spiny,L3,0.0037,-47.906253814697266,42.5,-69.25,324.63143976387374,-0.21875,-94.91691787239344,-17.15625,-56.656253814697266,0.0010200000000000209,3.4201641502973064,528759382_23
spiny,L3,0.00358,-50.15625,48.218753814697266,-72.03125,402.9323691375255,5.187500476837158,-102.48126141675274,-15.09375,-54.593753814697266,0.0009399999999999409,3.931766291390102,539653924_19
spiny,L4,0.00348,-42.156253814697266,48.25,-64.96875,340.2735347143094,6.78125,-103.19585257102021,-14.406250953674316,-55.968753814697266,0.0008799999999999919,3.297356688633687,613438337_10
aspiny,L4,0.003,-45.406253814697266,45.53125,-66.0,385.2332465886219,3.0,-94.99807332010961,28.843751907348633,-51.875003814697266,0.0008399999999999519,4.055169048434522,569849591_14
spiny,L5,0.00362,-43.906253814697266,39.937503814697266,-73.28125,238.5346274973607,11.000000953674316,-63.74878893790593,28.781251907348633,-54.437503814697266,0.0012600000000000389,3.7417907300122004,528657972_23
spiny,L3,0.003505,-57.156253814697266,40.000003814697266,-79.28125762939453,356.01980837949566,4.062500476837158,-85.55832866748229,-24.6875,-58.718753814697266,0.0009699999999999154,4.161135612678304,489315599_24
aspiny,L3,0.00376,-52.875,41.750003814697266,-78.0,328.1414933322031,8.53125,-85.90302473100698,26.59375,-51.031253814697266,0.0008999999999999009,3.819906159995311,519853636_18
spiny,L5,0.00372,-46.281253814697266,37.5,-70.34375762939453,269.3601440215894,3.84375,-91.19431974816797,16.812501907348633,-52.781253814697266,0.0008599999999998609,2.9536943174248598,539571778_14
spiny,L3,0.00334,-47.187503814697266,48.90625,-69.40625762939453,411.5786196371445,0.5,-81.22890261442392,32.6875,-47.031253814697266,0.0009600000000000719,5.066898682490141,520480180_30
spiny,L3,0.00348,-46.8125,49.000003814697266,-70.625,392.2641529206022,9.15625,-109.05925089314435,26.375001907348633,-52.3125,0.0007999999999999119,3.5967985265636977,541551240_24
spiny,L4,0.00352,-48.437503814697266,43.343753814697266,-69.96875,314.19464337644126,4.343750476837158,-78.18734392096748,27.0,-53.156253814697266,0.0010200000000000209,4.018484675653291,569818704_16
spiny,L3,0.00324,-44.8125,53.53125,-73.65625,558.7545488036525,2.718750238418579,-110.34399794656463,40.875003814697266,-54.656253814697266,0.0007999999999999119,5.063751170899534,508280093_23
spiny,L3,0.00336,-52.468753814697266,54.343753814697266,-76.25,488.88958634460704,3.406250238418579,-87.04438943635641,26.656251907348633,-54.343753814697266,0.0009600000000000719,5.616554834956534,537297470_25
spiny,L3,0.00358,-30.593751907348633,41.9375,-70.71875,311.14190865584567,-4.312500476837158,-82.71955449804867,-12.593750953674316,-52.25,0.0010399999999999299,3.7614069677223108,508366192_29
spiny,L4,0.00362,-43.437503814697266,39.0,-70.25000762939453,369.5063640243391,3.562500238418579,-137.62453975136037,0.25,-54.437503814697266,0.0006399999999999739,2.6848871915714194,508405843_10
spiny,L3,0.00358,-45.875,31.5625,-73.78125,307.1964827095302,-1.09375,-138.16531850846317,-16.59375,-56.406253814697266,0.0006399999999999739,2.2233979266708177,527890048_12
spiny,L4,0.0029,-48.25,40.6875,-67.96875762939453,371.85912827721245,0.1875,-117.03628487787032,-15.000000953674316,-54.71875,0.0007399999999999629,3.1772977813270034,531523518_11
spiny,L2,0.00352,-53.062503814697266,47.125,-73.6875,451.5102719971988,3.750000238418579,-129.7682619093329,-17.03125,-59.437503814697266,0.0007399999999999629,3.479358244873944,529997668_14
spiny,L3,0.00356,-49.4375,50.0,-72.50000762939453,399.6913279187871,4.0,-110.42208597193994,-16.78125,-51.59375,0.0007999999999999119,3.6196683335646753,541566300_37
spiny,L3,0.00336,-49.0625,49.156253814697266,-78.78125762939453,491.93727895482704,0.1562500149011612,-110.3407474859514,25.218751907348633,-59.562503814697266,0.0007999999999999119,4.45834644193851,541571148_17
spiny,L3,0.00346,-47.437503814697266,50.40625,-65.50000762939453,482.98920342150745,3.125,-99.57752715072569,24.25,-52.062503814697266,0.0008399999999999519,4.850383587959862,508381568_32
spiny,L4,0.00356,-43.093753814697266,53.53125,-74.8125,434.9428561033116,8.25,-123.26106375029549,37.25,-51.656253814697266,0.0007600000000000939,3.5286313688191657,520462275_17
spiny,L3,0.00358,-51.750003814697266,46.96875,-75.71875,330.54477845015316,13.906250953674316,-102.94629335380057,32.625,-49.968753814697266,0.0008200000000000429,3.210846818099159,526791834_31
aspiny,L1,0.0028,-42.4375,45.343753814697266,-65.03125,435.84410924892956,5.656250476837158,-168.0368468263449,27.187501907348633,-63.562503814697266,0.0006199999999998429,2.5937412982959978,596028822_8
spiny,L3,0.00364,-45.593753814697266,34.15625,-72.65625,249.85424131268255,-4.21875,-97.91386532694106,-11.500000953674316,-52.937503814697266,0.0009799999999999809,2.5517758948480096,529826240_25
spiny,L3,0.00324,-49.406253814697266,52.781253814697266,-71.87500762939453,409.17130539890513,2.750000238418579,-86.36928065698348,-19.78125,-57.5,0.001100000000000101,4.737463393077608,571450870_12
spiny,L3,0.0036,-51.21875,49.906253814697266,-75.125,362.59106707672527,15.000000953674316,-105.27399603783539,-18.03125,-51.062503814697266,0.0008399999999999519,3.444260508040469,548440226_38
aspiny,L3,0.00364,-41.750003814697266,29.875,-72.50000762939453,278.43267828916726,-8.9375,-92.87894463605797,1.5,-57.531253814697266,0.0008399999999999519,2.9978019171104213,539640827_11
spiny,L3,0.0036,-48.1875,47.750003814697266,-71.59375762939453,379.8821092273526,6.96875,-99.65277656820156,25.0,-50.5,0.0008599999999998609,3.8120574489699677,519877177_39
spiny,L3,0.0037,-46.718753814697266,47.250003814697266,-68.28125762939453,321.95293433814055,9.500000953674316,-91.53765902704534,19.5,-56.375003814697266,0.0009600000000000719,3.51716373086423,542174958_17
spiny,L5,0.0035,-42.28125,51.656253814697266,-67.03125762939453,426.5746572269554,10.000000953674316,-95.57895637538913,-15.500000953674316,-53.75,0.0009200000000000319,4.463060420450408,592483575_15
aspiny,L6,0.00294,-45.968753814697266,32.250003814697266,-69.40625762939453,425.4025831432886,-2.031250238418579,-295.93395486260937,1.21875,-69.34375,0.00039999999999995595,1.4374916299847595,528028846_10
spiny,L3,0.00366,-48.593753814697266,38.312503814697266,-73.25,280.3005605562278,-1.34375,-83.64837117556219,-10.781250953674316,-50.09375,0.0010200000000000209,3.3509386568679225,537182609_23
spiny,L3,0.00336,-53.84375,51.343753814697266,-75.4375,430.95749368674154,4.4375,-107.57461753581998,-15.15625,-54.0,0.0008399999999999519,4.006126199270401,537218493_21
aspiny,L3,0.00328,-42.1875,30.937501907348633,-71.21875,376.81841921213,-6.812500476837158,-147.43092347804077,-13.5625,-57.125003814697266,0.000560000000000116,2.555898113656295,527890930_13
spiny,L2,0.00296,-49.093753814697266,48.5,-76.59375762939453,456.03937844067855,-5.53125,-136.8536947565731,-13.78125,-56.3125,0.0007800000000000029,3.332313236057333,571654895_12
spiny,L3,0.0036,-47.093753814697266,49.21875,-71.5,445.9729225871295,2.843750238418579,-108.60658537336495,-15.000000953674316,-53.343753814697266,0.0007600000000000939,4.10631566266424,576117916_10
spiny,L4,0.0032,-43.40625,40.875003814697266,-63.250003814697266,388.7652069958673,-2.406250238418579,-136.17218095148033,-13.812500953674316,-54.15625,0.000660000000000105,2.8549532237747495,592472734_13
spiny,L2,0.00357,-46.531253814697266,44.843753814697266,-70.8125,295.18013041889736,9.8125,-112.33626305989353,-15.875000953674316,-59.218753814697266,0.0009049999999999336,2.627647763763677,488392806_16
aspiny,L3,0.00344,-45.093753814697266,33.687503814697266,-64.21875,482.5174475434474,-12.78125,-196.5710790894009,11.281250953674316,-59.09375,0.00045999999999990493,2.4546716118091694,571700636_11
spiny,L5,0.00284,-44.25,43.21875,-61.718753814697266,368.1023326648006,2.53125,-107.11618967698288,25.937501907348633,-50.8125,0.0007600000000000939,3.4364770981384,567736655_13
spiny,L3,0.0033,-50.906253814697266,46.843753814697266,-77.09375,391.01211458942896,7.500000476837158,-113.38909740902744,-17.15625,-55.093753814697266,0.0008200000000000429,3.4484101516297865,548425467_20
spiny,L4,0.00308,-43.968753814697266,44.062503814697266,-64.03125,341.2279300748117,8.281250953674316,-107.65427408507443,22.9375,-53.375003814697266,0.0007799999999997809,3.169664492885385,569107566_9
spiny,L6,0.00296,-45.343753814697266,42.718753814697266,-62.90625,350.3200029920629,-1.9375001192092896,-74.2493385180413,-12.656250953674316,-56.531253814697266,0.0010799999999999699,4.718156551750845,528614014_12
spiny,L3,0.00364,-46.156253814697266,35.71875,-66.0625,326.96173302712623,4.750000476837158,-147.3305303663236,19.46875,-60.875003814697266,0.000660000000000105,2.2192395032731262,539537652_11
spiny,L3,0.00352,-46.562503814697266,48.1875,-71.34375,345.2697424701029,0.0,-86.41720148408059,25.875001907348633,-51.781253814697266,0.001000000000000112,3.9953821292593816,539539309_18
spiny,L3,0.00354,-49.406253814697266,50.906253814697266,-72.65625,388.06423992188047,9.562500953674316,-91.30529247893713,37.281253814697266,-52.96875,0.0009200000000000319,4.250183416381931,548457754_28
spiny,L3,0.0039,-51.4375,45.21875,-75.15625762939453,273.66815757771354,9.25,-87.86659400266468,-17.03125,-55.34375,0.0010149999999999881,3.114587070137419,488402499_16
spiny,L3,0.0037,-51.031253814697266,48.156253814697266,-76.18750762939453,297.8884139944914,3.90625,-94.50847840110833,-10.375000953674316,-55.28125,0.0010999999999998789,3.151975558533571,541551399_17
spiny,L4,0.00286,-45.0625,45.406253814697266,-69.25,378.5981776209765,0.75,-109.11983360841008,27.656251907348633,-55.062503814697266,0.0007999999999999119,3.469563369933486,576101141_11
aspiny,L5,0.00288,-49.718753814697266,49.562503814697266,-62.59375,438.50241501846523,5.750000476837158,-100.02244374140432,26.062501907348633,-58.9375,0.0009399999999999409,4.384040207537411,569860147_10
aspiny,L4,0.00346,-50.15625,33.34375,-73.5,522.3048640655408,-9.406250953674316,-299.16465298917603,7.093750476837158,-64.87500762939453,0.00035999999999991594,1.74587759231181,611610514_13
spiny,L4,0.00278,-38.343753814697266,33.687503814697266,-64.84375,296.65830247043647,-9.625000953674316,-112.9727503131166,10.500000953674316,-53.812503814697266,0.0008199999999998209,2.6259279485381635,528015670_10
spiny,L3,0.0036,-46.34375,48.375003814697266,-77.09375,363.4979820259993,6.687500476837158,-100.73455370713691,23.25,-52.906253814697266,0.0009000000000001229,3.608473643341768,531523484_26
spiny,L3,0.0036,-46.937503814697266,47.093753814697266,-73.84375762939453,380.75053391579183,8.71875,-111.77101104159524,25.187501907348633,-52.937503814697266,0.0007800000000000029,3.4065231258765,528623840_34
spiny,L2,0.00336,-47.750003814697266,49.0625,-69.90625,344.79059522009726,2.53125,-102.47970116943598,-12.218750953674316,-57.156253814697266,0.0009399999999999409,3.364476977250683,541563728_19
aspiny,L5,0.02132,-35.25,32.625,-73.5,368.6182781472045,-1.15625,-138.83227023395358,2.625000238418579,-54.906253814697266,0.0005800000000000249,2.6551339794849307,643625553_11
spiny,L3,0.00334,-50.40625,48.8125,-73.90625,396.70212039293943,8.281250953674316,-108.2453088489581,-16.4375,-57.843753814697266,0.0008600000000000829,3.664843535589005,529878215_25
aspiny,L5,0.003,-40.5,29.000001907348633,-66.03125762939453,388.9598947073302,-11.1875,-187.62491467908436,-5.031250476837158,-65.00000762939453,0.0005199999999998539,2.0730716673348595,520631985_11
spiny,L5,0.0036,-42.156253814697266,28.468751907348633,-61.65625,230.1894450258858,-8.562500953674316,-94.64329161166836,-8.343750953674316,-55.093753814697266,0.0009199999999998099,2.4321791973421414,562381210_18
spiny,L5,0.00308,-46.65625,50.25,-64.40625,440.4229418763848,-4.312500476837158,-96.35250285374389,30.937501907348633,-57.531253814697266,0.0009399999999999409,4.570954867097899,561437013_11
spiny,L6,0.00348,-45.656253814697266,43.250003814697266,-66.93750762939453,523.824804242856,4.875,-278.7875213357004,18.46875,-66.62500762939453,0.00042000000000008697,1.8789392069385178,558211203_10
spiny,L4,0.00344,-48.437503814697266,42.312503814697266,-64.15625762939453,304.74890083181435,10.937500953674316,-128.7803240069114,24.750001907348633,-54.40625,0.0006999999999999229,2.3664243989280465,576112128_11
spiny,L5,0.00326,-44.718753814697266,35.0,-63.40625,302.90364865923937,-0.2812500298023224,-93.77182791772091,21.375,-53.90625,0.0008000000000001339,3.230220156580705,529877874_12
spiny,L5,0.0034,-40.03125,37.5625,-71.90625,367.3233193058922,-6.78125,-139.89493019970655,-6.78125,-59.937503814697266,0.0006999999999999229,2.625708585590064,508420652_12
aspiny,L3,0.00302,-42.5,48.0,-67.53125,474.49616457190075,-0.3437500298023224,-155.33905117734415,29.937501907348633,-50.593753814697266,0.0006200000000000649,3.0545838987402347,567742660_16
spiny,L4,0.00296,-35.71875,32.437503814697266,-68.21875,214.90223198238087,-4.40625,-95.8667008567358,-2.53125,-44.03125,0.0008999999999999009,2.2416775591718023,520471727_16
spiny,L3,0.00305,-51.84375,39.281253814697266,-73.65625,341.0556987761654,-2.500000238418579,-100.37993289556083,14.250000953674316,-58.812503814697266,0.0008899999999998354,3.3976482045571097,571516327_12
spiny,L3,0.003115,-53.812503814697266,33.843753814697266,-77.90625,417.20454500112163,-5.8125,-121.50482995008696,-19.34375,-54.46875,0.0007200000000000539,3.433645766777381,486940963_18
spiny,L3,0.00324,-45.812503814697266,37.25,-67.0,408.99018501998927,-3.25,-113.31911912998848,20.156251907348633,-54.593753814697266,0.0006800000000000139,3.609189589188707,571520182_13
aspiny,L3,0.00289,-45.562503814697266,26.0,-73.40625762939453,418.42354859739015,-5.78125,-252.03069485433858,-1.8125001192092896,-62.90625,0.00038999999999989043,1.6602086854508675,488418027_12
spiny,L3,0.0035,-52.218753814697266,40.53125,-77.09375,339.861955857414,7.406250476837158,-112.18456276549874,-17.78125,-54.906253814697266,0.0008000000000001339,3.029489507997933,529909601_29
aspiny,L3,0.00284,-46.843753814697266,27.531251907348633,-63.9375,393.8620321425305,-16.46875,-170.15994890165996,1.6875,-61.000003814697266,0.0005399999999999849,2.3146576775840124,571659461_12
spiny,L5,0.0033,-53.812503814697266,33.71875,-71.06250762939453,314.2312013621699,-5.84375,-96.90110135427344,18.093751907348633,-56.15625,0.0008200000000000429,3.2428031980083576,576136807_11
spiny,L3,0.00338,-44.937503814697266,41.593753814697266,-70.28125,452.5242773121509,-3.531250238418579,-104.9153096072645,-16.4375,-52.281253814697266,0.0007800000000000029,4.31323396943793,539561039_19
spiny,L3,0.00358,-47.3125,46.25,-74.15625762939453,378.06663371767445,-2.5625,-94.48437564864876,-15.468750953674316,-50.09375,0.0008999999999999009,4.001366692875863,531517778_31
spiny,L5,0.00328,-47.656253814697266,45.875,-69.62500762939453,492.0959635182796,3.625000238418579,-121.60789538651554,32.906253814697266,-54.062503814697266,0.0006999999999999229,4.046579064247546,529833429_26
spiny,L3,0.00364,-50.312503814697266,50.750003814697266,-73.15625,378.9557633489262,6.656250476837158,-75.07910625699088,37.3125,-53.000003814697266,0.0011600000000000499,5.047419744872633,539542640_33
spiny,L4,0.00354,-49.093753814697266,40.875003814697266,-71.34375,351.1519935299143,11.125,-120.63446908829197,25.156251907348633,-49.593753814697266,0.0006800000000000139,2.9108761051777607,541540615_12
spiny,L3,0.00374,-50.468753814697266,47.656253814697266,-71.09375,412.36503394907265,6.78125,-116.22243153474722,-13.625000953674316,-56.0625,0.0008000000000001339,3.548067515914836,529889679_13
spiny,L3,0.00348,-46.96875,44.75,-74.28125,327.06167624200305,2.8125,-100.47704451864323,-13.812500953674316,-53.6875,0.0009600000000000719,3.2550885409584045,569844159_19
spiny,L3,0.00366,-42.781253814697266,46.25,-72.25,339.90759953226234,4.125,-101.86130155787501,-5.34375,-55.093753814697266,0.0008999999999999009,3.336965013539862,505690787_22
spiny,L5,0.00388,-49.28125,33.8125,-69.81250762939453,252.47593458693294,-2.718750238418579,-74.9863417440361,-13.250000953674316,-56.375003814697266,0.0010799999999999699,3.3669589516548615,528636794_12
spiny,L2,0.00362,-50.687503814697266,49.625,-77.1875,379.49811144176505,6.656250476837158,-104.86018197855311,-19.156251907348633,-58.281253814697266,0.0009000000000001229,3.6190869048785665,576107598_16
spiny,L3,0.00342,-39.5,36.46875,-73.90625,331.2435027788993,-6.656250476837158,-113.61360077052298,-13.687500953674316,-50.031253814697266,0.0007800000000000029,2.9155268430224806,517689107_26
spiny,L3,0.00352,-48.03125,49.406253814697266,-71.21875,369.4977141107387,14.031250953674316,-102.17073298678206,-15.53125,-49.812503814697266,0.0008200000000000429,3.6164731651532835,545612828_36
spiny,L4,0.0037,-44.65625,44.4375,-67.28125,414.69375486482073,0.4375,-128.9565654656709,26.968751907348633,-54.625,0.0006800000000000139,3.2157630235213963,527952884_16
spiny,L5,0.00278,-43.15625,48.0,-69.75,492.002745238715,4.500000476837158,-135.29862078976132,16.4375,-53.875003814697266,0.0006399999999999739,3.6364209950316595,488701127_11
aspiny,L5,0.00294,-50.125003814697266,30.062501907348633,-68.5625,552.7746611043149,-16.34375,-302.0588601425403,2.65625,-66.0625,0.00035999999999991594,1.83002299897266,561469082_13
spiny,L4,0.0038,-46.4375,44.156253814697266,-67.71875,361.1026751849718,0.25,-121.4831293024253,20.031251907348633,-56.0,0.0007200000000000539,2.9724512140778607,601958555_19
